SOR,1,Director Krennic Aspira A La Autoridad,Common,Leader,Vigilance,1
SOR,2,Iden Versio Comandante Del Escuadron Infernal,Rare,Leader,Vigilance,1
SOR,3,Chewbacca Felpudo Con Patas,Common,Leader,Vigilance,1
SOR,4,Chirrut Imwe Uno Con La Fuerza,Rare,Leader,Vigilance,1
SOR,5,Luke Skywalker Amigo Leal,Special,Leader,Vigilance,1
SOR,6,Emperador Palpatine Soberano Galactico,Rare,Leader,Command,1
SOR,7,Gran moff Tarkin Gobernador De Macrosector,Common,Leader,Command,1
SOR,8,Hera Syndulla Espectro Dos,Rare,Leader,Command,1
SOR,9,Leia Organa General De La Alianza,Common,Leader,Command,1
SOR,10,Darth Vader Lord Oscuiro De Los Sith,Special,Leader,Aggression,1
SOR,11,Gran Inquisidor Cazador De Jedi,Rare,Leader,Aggression,1
SOR,12,IG-88 Cazarrecompensas Despiadado,Common,Leader,Aggression,1
SOR,13,Cassian Andor Consagrado A La Rebellion,Rare,Leader,Aggression,1
SOR,14,Sabine Wren Revolucionaria Motivada,Common,Leader,Aggression,1
SOR,15,Boba Fett Piensa Cobrar La Recompensa,Common,Leader,Cunning,1
SOR,16,Gran Almirante Thrawn Paciente Y Perspicaz,Rare,Leader,Cunning,1
SOR,17,Han Solo Contrabandista Audaz,Rare,Leader,Cunning,1
SOR,18,Jyn Erso Se Resiste A La Opresion,Common,Leader,Cunning,1
SOR,19,Instalaciones de seguridad,Rare,Base,Vigilance,1
SOR,20,Capital,Common,Base,Vigilance,1
SOR,21,Pantano de Dagobah,Common,Base,Vigilance,1
SOR,22,Laboratorio de conversion de energia,Rare,Base,Command,1
SOR,23,Centro de mando,Common,Base,Command,1
SOR,24,Base Eco,Common,Base,Command,1
SOR,25,Ciudad Tarkin,Rare,Base,Aggression,1
SOR,26,Catacumbas de Cadera,Common,Base,Aggression,1
SOR,27,Ciudad Kestro,Common,Base,Aggression,1
SOR,28,Ciudad Jedha,Rare,Base,Cunning,1
SOR,29,Torre de administracion,Common,Base,Cunning,1
SOR,30,Base Chopper,Common,Base,Cunning,1
SOR,31,Infernal Cuatro Nunca Olvida,Uncommon,Unit,Vigilance,3
SOR,32,Soldado explorador motorizado,Common,Unit,Vigilance,3
SOR,33,Soldado de la muerte,Common,Unit,Vigilance,3
SOR,34,Del Meeko Vigilando Al Enemigo,Rare,Unit,Vigilance,3
SOR,35,Teniente Childsen Director De La Prison De La Estrella De La Muerte,Uncommon,Unit,Vigilance,3
SOR,36,Gideon Hask Leal Y Despiadado,Rare,Unit,Vigilance,3
SOR,37,Andador de defensa de la Academia,Common,Unit,Vigilance,3
SOR,38,Conde Dooku Darth Tyranus,Rare,Unit,Vigilance,3
SOR,39,AT-AT de supresion,Uncommon,Unit,Vigilance,3
SOR,40,Vengador Sternenzerstorer Auf Der Jagd,Legendary,Unit,Vigilance,3
SOR,41,El poder del Lado Oscuro,Uncommon,Event,Vigilance,3
SOR,42,Rebusca en tus sentimientos,Rare,Event,Vigilance,3
SOR,43,Disparo de superlaser,Legendary,Event,Vigilance,3
SOR,44,ARC-170 restaurado,Common,Unit,Vigilance,3
SOR,45,Yoda Viejo Maestro,Uncommon,Unit,Vigilance,3
SOR,46,Fuerza de seguridad consular,Common,Unit,Vigilance,3
SOR,47,Kanan Jarrus Jedi Al Descubierto,Uncommon,Unit,Vigilance,3
SOR,48,Guardia de honor en alerta,Common,Unit,Vigilance,3
SOR,49,Obi-Wan Kenobi Cumpliendo Con Su Destino,Rare,Unit,Vigilance,3
SOR,50,Espiritu Base Movil De Los Espectros,Uncommon,Unit,Vigilance,3
SOR,51,Luke Skywalker Caballero Jedi,Legendary,Unit,Vigilance,3
SOR,52,Redencion Fragata Medica,Rare,Unit,Vigilance,3
SOR,53,Sable de luz de Luke,Special,Upgrade,Vigilance,3
SOR,54,Sable de luz jedi,Rare,Upgrade,Vigilance,3
SOR,55,La Fuerza esta conmigo,Uncommon,Event,Vigilance,3
SOR,56,Bendu El Que Esta En Medio,Rare,Unit,Vigilance,3
SOR,57,Actitud protectora,Uncommon,Upgrade,Vigilance,3
SOR,58,Vigilancia,Legendary,Event,Vigilance,3
SOR,59,Droide quirurgico 2-1B,Common,Unit,Vigilance,3
SOR,60,Patrulla remota,Uncommon,Unit,Vigilance,3
SOR,61,Guardian de los Whills,Common,Unit,Vigilance,3
SOR,62,Gobernadora regional,Rare,Unit,Vigilance,3
SOR,63,Guardia Alada de la Ciudad de las Nubes,Common,Unit,Vigilance,3
SOR,64,Combatiente de entornos hostiles,Common,Unit,Vigilance,3
SOR,65,Baze Malbus Guardian del Templo,Uncommon,Unit,Vigilance,3
SOR,66,Patrullera de sistemas,Common,Unit,Vigilance,3
SOR,67,Supervivientes curtidos,Common,Unit,Vigilance,3
SOR,68,Juggernaut de carga,Common,Unit,Vigilance,3
SOR,69,Resistente,Common,Upgrade,Vigilance,3
SOR,70,Devocion,Uncommon,Upgrade,Vigilance,3
SOR,71,Baston de energia,Rare,Upgrade,Vigilance,3
SOR,72,Atrincherados,Uncommon,Upgrade,Vigilance,3
SOR,73,Un momento de paz,Common,Event,Vigilance,3
SOR,74,Reparacion,Common,Event,Vigilance,3
SOR,75,Mantiene unida la galaxia,Rare,Event,Vigilance,3
SOR,76,Abrir un camino,Common,Event,Vigilance,3
SOR,77,Derribo,Uncommon,Event,Vigilance,3
SOR,78,Vencer,Common,Event,Vigilance,3
SOR,79,Almirante Piett Capitan Del Ejecutor,Uncommon,Unit,Command,3
SOR,80,General Tagge Comandante Preocupado,Uncommon,Unit,Command,3
SOR,81,Soldado costero veterano,Common,Unit,Command,3
SOR,82,Guardia Real del Emperador,Rare,Unit,Command,3
SOR,83,Operario de superlaser,Common,Unit,Command,3
SOR,84,Gran moff Tarkin Supervisor De La Estrella De La Muerte,Special,Unit,Command,3
SOR,85,Rukh Asesino De Thrawn,Rare,Unit,Command,3
SOR,86,Destructor estelar clase Gladiador,Common,Unit,Command,3
SOR,87,Darth Vader Al Mando De La Primera Legion,Legendary,Unit,Command,3
SOR,88,AT-AT de la Fuerza Ventisca,Uncommon,Unit,Command,3
SOR,89,Implacable La Locura De Konstantine,Rare,Unit,Command,3
SOR,90,Devastador Ineludible,Legendary,Unit,Command,3
SOR,91,La Legion del Emperador,Rare,Event,Command,3
SOR,92,Descarga masiva,Uncommon,Event,Command,3
SOR,93,Coordinador de la Alianza,Common,Unit,Command,3
SOR,94,Bail Organa Consejero Rebelde,Rare,Unit,Command,3
SOR,95,Marine combatiente,Common,Unit,Command,3
SOR,96,Mon Mothma La Voz De La Rebelion,Uncommon,Unit,Command,3
SOR,97,Almirante Ackbar Estratega Brillante,Rare,Unit,Command,3
SOR,98,Defensor de la Base Eco,Common,Unit,Command,3
SOR,99,Esperanza Brillante El Ultimo Transporte,Uncommon,Unit,Command,3
SOR,100,Wedge Antilles Estrella De La Rebellion,Rare,Unit,Command,3
SOR,101,Hostigador del Escuadron Picaro,Uncommon,Unit,Command,3
SOR,102,Hogar Uno Nave Insignia De La Alianza,Legendary,Unit,Command,3
SOR,103,Ofensiva rebelde,Uncommon,Event,Command,3
SOR,104,Ala-U de refuerzo,Rare,Event,Command,3
SOR,105,General Krell Estratega Desalmado,Rare,Unit,Command,3
SOR,106,Norma de ataque Delta,Uncommon,Event,Command,3
SOR,107,Mando,Legendary,Event,Command,3
SOR,108,Infanteria de vanguardia,Common,Unit,Command,3
SOR,109,Coronel Yularen Director De La OSI,Uncommon,Unit,Command,3
SOR,110,Lanzadera de primera linea,Rare,Unit,Command,3
SOR,111,Ala-V de patrulla,Common,Unit,Command,3
SOR,112,Vibora Estelar del Consorcio,Common,Unit,Command,3
SOR,113,Milicia local,Common,Unit,Command,3
SOR,114,Esquife de escolta,Common,Unit,Command,3
SOR,115,Agente Kallus Buscando Rebeldes,Rare,Unit,Command,3
SOR,116,Batallon de leales,Common,Unit,Command,3
SOR,117,Compania mercenaria,Common,Unit,Command,3
SOR,118,97.a Legion Mantiene La Paz En Sullust,Uncommon,Unit,Command,3
SOR,119,Andador de refuerzo,Uncommon,Unit,Command,3
SOR,120,Instruccion en la Academia,Common,Upgrade,Command,3
SOR,121,Afuste de blaster pesado,Uncommon,Upgrade,Command,3
SOR,122,Perfidia,Rare,Upgrade,Command,3
SOR,123,Reclutamiento,Common,Event,Command,3
SOR,124,Ventaja tactica,Common,Event,Command,3
SOR,125,Preparativos para el despegue,Uncommon,Event,Command,3
SOR,126,Reabastecimiento,Common,Event,Command,3
SOR,127,Golpe certero,Common,Event,Command,3
SOR,128,Soldado de asalto de la Estrella de la Muerte,Common,Unit,Aggression,3
SOR,129,Almirante Ozzel Muy Seguro De Si Mismo,Uncommon,Unit,Aggression,3
SOR,130,Soldado de las nieves de la Primera Legion,Common,Unit,Aggression,3
SOR,131,El Quinto Hermano Sigue El Rastro Del Miedo,Uncommon,Unit,Aggression,3
SOR,132,Interceptor imperial,Common,Unit,Aggression,3
SOR,133,La Septima Hermana Inquisidora Implacable,Rare,Unit,Aggression,3
SOR,134,Incursor despiadado,Uncommon,Unit,Aggression,3
SOR,135,Emperador Palpatine Maestro Del Lado Oscuro,Rare,Unit,Aggression,3
SOR,136,Sable de luz de Vader,Special,Upgrade,Aggression,3
SOR,137,Sable de luz de caido,Rare,Upgrade,Aggression,3
SOR,138,Rayo de Fuerza,Legendary,Event,Aggression,3
SOR,139,Estrangular con la Fuerza,Uncommon,Event,Aggression,3
SOR,140,Soldado de las Fuerzas Especiales,Common,Unit,Aggression,3
SOR,141,Ala-A del Escuadron Verde,Common,Unit,Aggression,3
SOR,142,Sabine Wren Artista De Los Explosivos,Uncommon,Unit,Aggression,3
SOR,143,Luchadores por la libertad,Uncommon,Unit,Aggression,3
SOR,144,Rojo Tres Imparable,Rare,Unit,Aggression,3
SOR,145,K-2SO Contrapartida De Cassian,Rare,Unit,Aggression,3
SOR,146,Zeb Orrelios Guerrero Obstinado,Uncommon,Unit,Aggression,3
SOR,147,Negro Uno Azote De La Base Starkiller,Legendary,Unit,Aggression,3
SOR,148,AT-AP de guerrilla,Common,Unit,Aggression,3
SOR,149,Mace Windu Aguafiestas,Legendary,Unit,Aggression,3
SOR,150,Sacrificio heroico,Rare,Event,Aggression,3
SOR,151,Karabast,Uncommon,Event,Aggression,3
SOR,152,Por la causa en la que creo,Rare,Event,Aggression,3
SOR,153,Saw Gerrera Extremista,Rare,Unit,Aggression,3
SOR,154,Grito de guerra,Uncommon,Event,Aggression,3
SOR,155,Agresividad,Legendary,Event,Aggression,3
SOR,156,Benthic Dos Tubos Teniente De Partisanos,Uncommon,Unit,Aggression,3
SOR,157,Bravucon de cantina,Common,Unit,Aggression,3
SOR,158,Alborotador de Jedha,Common,Unit,Aggression,3
SOR,159,Partisano insurgente,Common,Unit,Aggression,3
SOR,160,Wolffe Veterano Desconfiado,Rare,Unit,Aggression,3
SOR,161,Simpatizante acerrimo,Common,Unit,Aggression,3
SOR,162,Caza Colmillo neutralizador,Common,Unit,Aggression,3
SOR,163,Ala Estelar de reconocimiento,Uncommon,Unit,Aggression,3
SOR,164,Wampa,Common,Unit,Aggression,3
SOR,165,Tanque de asedio Ocupador,Common,Unit,Aggression,3
SOR,166,Talento para la infiltracion,Common,Upgrade,Aggression,3
SOR,167,Lanzar con la Fuerza,Uncommon,Event,Aggression,3
SOR,168,Fuego de precision,Common,Event,Aggression,3
SOR,169,Sigue luchando,Common,Event,Aggression,3
SOR,170,Corte de energia,Uncommon,Event,Aggression,3
SOR,171,Instrucciones para la mision,Common,Event,Aggression,3
SOR,172,Abrir fuego,Common,Event,Aggression,3
SOR,173,Bombardeo de pasada,Rare,Event,Aggression,3
SOR,174,Humo y cenizas,Rare,Event,Aggression,3
SOR,175,Rendicion forzosa,Uncommon,Event,Aggression,3
SOR,176,Agente de la OSI,Common,Unit,Cunning,3
SOR,177,Bib Fortuna Mayordomo de Jabba,Uncommon,Unit,Cunning,3
SOR,178,Nave del Cartel,Uncommon,Unit,Cunning,3
SOR,179,Boba Fett Desintegrador,Legendary,Unit,Cunning,3
SOR,180,Defensor de la Septima Flota,Common,Unit,Cunning,3
SOR,181,Jabba el Hutt Astuto Senor Del Crimen,Rare,Unit,Cunning,3
SOR,182,Bossk Acechador Mortifero,Uncommon,Unit,Cunning,3
SOR,183,Banda de cazarrecompensas,Common,Unit,Cunning,3
SOR,184,Firespray de Fett Siguiendo El Rastro De Su Presa,Rare,Unit,Cunning,3
SOR,185,Quimera Nave Insignia De La Septima Flota,Rare,Unit,Cunning,3
SOR,186,Muerto no me sirve,Uncommon,Event,Cunning,3
SOR,187,No tenia eleccion,Rare,Event,Cunning,3
SOR,188,Chopper Amenaza Metalica,Rare,Unit,Cunning,3
SOR,189,Leia Organa Princesa Insumisa,Special,Unit,Cunning,3
SOR,190,Insurgente de Lothal,Common,Unit,Cunning,3
SOR,191,As de vanguardia,Uncommon,Unit,Cunning,3
SOR,192,Ezra Bridger Pilluelo Ingenioso,Uncommon,Unit,Cunning,3
SOR,193,Halcon Milenario Pedazo De Chatarra,Legendary,Unit,Cunning,3
SOR,194,Agente independiente,Common,Unit,Cunning,3
SOR,195,Canonera libertadora Auzituck,Common,Unit,Cunning,3
SOR,196,Chewbacca Companero Fiel,Uncommon,Unit,Cunning,3
SOR,197,Lando Calrissian Hombre De Negocios Responsable,Rare,Unit,Cunning,3
SOR,198,Han Solo Heroe A Reganadientes,Rare,Unit,Cunning,3
SOR,199,Embaucar,Uncommon,Event,Cunning,3
SOR,200,La chispa de la rebelion,Rare,Event,Cunning,3
SOR,201,Bodhi Rook Desertor Del Imperio,Rare,Unit,Cunning,3
SOR,202,Portero de cantina,Uncommon,Unit,Cunning,3
SOR,203,Astucia,Legendary,Event,Cunning,3
SOR,204,Greedo Lento Desenfundando,Uncommon,Unit,Cunning,3
SOR,205,Chatarrero jawa,Common,Unit,Cunning,3
SOR,206,Caza TIE del Gremio Minero,Common,Unit,Cunning,3
SOR,207,Contrabandista habil,Common,Unit,Cunning,3
SOR,208,Cazacabezas del Borde Exterior,Common,Unit,Cunning,3
SOR,209,Caza estelar pirata,Uncommon,Unit,Cunning,3
SOR,210,Piloto de acelerador de carreras,Common,Unit,Cunning,3
SOR,211,Guardias gamorreanos,Common,Unit,Cunning,3
SOR,212,Canonera disparando a tierra,Rare,Unit,Cunning,3
SOR,213,Lacayos del Sindicato,Common,Unit,Cunning,3
SOR,214,Compartimento para contrabando,Uncommon,Upgrade,Cunning,3
SOR,215,Reflejos rapidos,Common,Event,Cunning,3
SOR,216,Desarmar,Common,Event,Cunning,3
SOR,217,Disparar primero,Uncommon,Event,Cunning,3
SOR,218,Refugiarse en un asteroide,Common,Event,Cunning,3
SOR,219,Ataque inesperado,Rare,Event,Cunning,3
SOR,220,Pillar por sorpresa,Common,Event,Cunning,3
SOR,221,Capacidad de maniobra,Uncommon,Event,Cunning,3
SOR,222,Encerrona,Common,Event,Cunning,3
SOR,223,No te pongas nervioso,Rare,Event,Cunning,3
SOR,224,Cambio de parecer,Legendary,Event,Cunning,3
SOR,225,Caza TIE/ln,Common,Unit,Villainy,3
SOR,226,Almirante Motti Insolente Y Despectivo,Special,Unit,Villainy,3
SOR,227,Teniente de soldados de las nieves,Common,Unit,Villainy,3
SOR,228,Droide sonda Vibora,Common,Unit,Villainy,3
SOR,229,Guardia de bloque de celdas,Common,Unit,Villainy,3
SOR,230,General Veers Comandante De La Fuerza Ventisca,Uncommon,Unit,Villainy,3
SOR,231,TIE Avanzado,Uncommon,Unit,Villainy,3
SOR,232,AT-ST,Common,Unit,Villainy,3
SOR,233,Yo soy tu padre,Special,Event,Villainy,3
SOR,234,Fuego al maximo,Common,Event,Villainy,3
SOR,235,Ambicion galactica,Rare,Event,Villainy,3
SOR,236,R2-D2 Ignorando El Protocolo,Special,Unit,Heroism,3
SOR,237,Ala-X de la Alianza,Common,Unit,Heroism,3
SOR,238,C-3PO Droide De Protocolo,Special,Unit,Heroism,3
SOR,239,Senalizador rebelde,Common,Unit,Heroism,3
SOR,240,Teniente de la flota,Common,Unit,Heroism,3
SOR,241,Jefe de formacion,Uncommon,Unit,Heroism,3
SOR,242,General Dodonna Comandante De La Unidad De Massassi,Uncommon,Unit,Heroism,3
SOR,243,Simpatizantes regionales,Common,Unit,Heroism,3
SOR,244,Deslizador de nieve,Common,Unit,Heroism,3
SOR,245,Ceremonia de entrega de medallas,Common,Event,Heroism,3
SOR,246,Eres mi unica esperanza,Rare,Event,Heroism,3
SOR,247,Maton de los bajos fondos,Common,Unit,Neutral,3
SOR,248,Soldado voluntaria,Common,Unit,Neutral,3
SOR,249,AT-RT fronterizo,Common,Unit,Neutral,3
SOR,250,Carguero corelliano,Common,Unit,Neutral,3
SOR,251,Confiscar,Common,Event,Neutral,3
SOR,252,Aprovisionamiento,Common,Event,Neutral,3
